"GAME_ID","TEAM_ID","TEAM_CITY","TEAM_NAME","PERSON_ID","PLAYER_FIRST","PLAYER_LAST","IN_TIME_REAL","OUT_TIME_REAL","PLAYER_PTS","PT_DIFF","USG_PCT","h_a"
"0052300101",1610612748,"Miami","Heat",201567,"Kevin","Love",3050,9540,5,14,0.125,"away"
"0052300101",1610612748,"Miami","Heat",201567,"Kevin","Love",13929,14400,0,-2,0,"away"
"0052300101",1610612748,"Miami","Heat",201567,"Kevin","Love",19640,23010,5,-5,0.25,"away"
"0052300101",1610612748,"Miami","Heat",201567,"Kevin","Love",28718,28800,0,4,0,"away"
"0052300101",1610612748,"Miami","Heat",202710,"Jimmy","Butler",0,5040,6,-4,0.313,"away"
"0052300101",1610612748,"Miami","Heat",202710,"Jimmy","Butler",6490,11020,4,10,0.278,"away"
"0052300101",1610612748,"Miami","Heat",202710,"Jimmy","Butler",12300,20920,7,-4,0.286,"away"
"0052300101",1610612748,"Miami","Heat",202710,"Jimmy","Butler",23010,28610,2,-3,0.105,"away"
"0052300101",1610612748,"Miami","Heat",1626153,"Delon","Wright",5730,14400,6,17,0.118,"away"
"0052300101",1610612748,"Miami","Heat",1626153,"Delon","Wright",19640,24580,0,-9,0.15,"away"
"0052300101",1610612748,"Miami","Heat",1628389,"Bam","Adebayo",0,3050,0,-7,0.2,"away"
"0052300101",1610612748,"Miami","Heat",1628389,"Bam","Adebayo",9540,13929,4,7,0.118,"away"
"0052300101",1610612748,"Miami","Heat",1628389,"Bam","Adebayo",14400,19640,4,-7,0.25,"away"
"0052300101",1610612748,"Miami","Heat",1628389,"Bam","Adebayo",23010,28800,2,-1,0.045,"away"
"0052300101",1610612748,"Miami","Heat",1628997,"Caleb","Martin",0,5730,2,-5,0.1,"away"
"0052300101",1610612748,"Miami","Heat",1628997,"Caleb","Martin",11020,19640,3,-2,0.088,"away"
"0052300101",1610612748,"Miami","Heat",1628997,"Caleb","Martin",28610,28718,0,-2,0,"away"
"0052300101",1610612748,"Miami","Heat",1629312,"Haywood","Highsmith",5040,11020,3,11,0.208,"away"
"0052300101",1610612748,"Miami","Heat",1629312,"Haywood","Highsmith",17860,28800,6,-7,0.089,"away"
"0052300101",1610612748,"Miami","Heat",1629639,"Tyler","Herro",0,6490,6,-3,0.409,"away"
"0052300101",1610612748,"Miami","Heat",1629639,"Tyler","Herro",9540,19640,3,-2,0.275,"away"
"0052300101",1610612748,"Miami","Heat",1629639,"Tyler","Herro",20920,28800,16,-3,0.406,"away"
"0052300101",1610612748,"Miami","Heat",1631107,"Nikola","Jovic",0,5040,2,-4,0.125,"away"
"0052300101",1610612748,"Miami","Heat",1631107,"Nikola","Jovic",14400,17860,3,-6,0.077,"away"
"0052300101",1610612748,"Miami","Heat",1631170,"Jaime","Jaquez Jr.",5040,9540,7,11,0.278,"away"
"0052300101",1610612748,"Miami","Heat",1631170,"Jaime","Jaquez Jr.",11020,12300,0,-1,0.2,"away"
"0052300101",1610612748,"Miami","Heat",1631170,"Jaime","Jaquez Jr.",19640,23010,4,-5,0.25,"away"
"0052300101",1610612748,"Miami","Heat",1631170,"Jaime","Jaquez Jr.",24580,28800,4,3,0.278,"away"
"0052300101",1610612755,"Philadelphia","76ers",200768,"Kyle","Lowry",0,5730,5,5,0.182,"home"
"0052300101",1610612755,"Philadelphia","76ers",200768,"Kyle","Lowry",7200,13310,2,-7,0.185,"home"
"0052300101",1610612755,"Philadelphia","76ers",200768,"Kyle","Lowry",14400,17430,0,1,0.154,"home"
"0052300101",1610612755,"Philadelphia","76ers",200768,"Kyle","Lowry",26280,28800,0,2,0.083,"home"
"0052300101",1610612755,"Philadelphia","76ers",201587,"Nicolas","Batum",5040,9540,0,-11,0.095,"home"
"0052300101",1610612755,"Philadelphia","76ers",201587,"Nicolas","Batum",12300,14400,3,-6,0.286,"home"
"0052300101",1610612755,"Philadelphia","76ers",201587,"Nicolas","Batum",17430,21600,9,6,0.286,"home"
"0052300101",1610612755,"Philadelphia","76ers",201587,"Nicolas","Batum",23010,28800,8,1,0.25,"home"
"0052300101",1610612755,"Philadelphia","76ers",202699,"Tobias","Harris",0,5730,4,5,0.182,"home"
"0052300101",1610612755,"Philadelphia","76ers",202699,"Tobias","Harris",7185,12300,2,-5,0.2,"home"
"0052300101",1610612755,"Philadelphia","76ers",202699,"Tobias","Harris",13310,17430,3,-3,0.176,"home"
"0052300101",1610612755,"Philadelphia","76ers",202699,"Tobias","Harris",21600,26280,0,4,0.059,"home"
"0052300101",1610612755,"Philadelphia","76ers",203954,"Joel","Embiid",0,5040,6,4,0.316,"home"
"0052300101",1610612755,"Philadelphia","76ers",203954,"Joel","Embiid",6050,9540,2,-12,0.313,"home"
"0052300101",1610612755,"Philadelphia","76ers",203954,"Joel","Embiid",12300,19640,4,1,0.185,"home"
"0052300101",1610612755,"Philadelphia","76ers",203954,"Joel","Embiid",20160,23570,3,5,0.25,"home"
"0052300101",1610612755,"Philadelphia","76ers",203954,"Joel","Embiid",25140,28800,8,0,0.294,"home"
"0052300101",1610612755,"Philadelphia","76ers",1626162,"Kelly","Oubre Jr.",0,5040,0,4,0.105,"home"
"0052300101",1610612755,"Philadelphia","76ers",1626162,"Kelly","Oubre Jr.",5730,7185,0,-6,0,"home"
"0052300101",1610612755,"Philadelphia","76ers",1626162,"Kelly","Oubre Jr.",9540,20920,2,5,0.114,"home"
"0052300101",1610612755,"Philadelphia","76ers",1626162,"Kelly","Oubre Jr.",21600,23570,4,6,0.5,"home"
"0052300101",1610612755,"Philadelphia","76ers",1626162,"Kelly","Oubre Jr.",26280,28800,5,2,0.167,"home"
"0052300101",1610612755,"Philadelphia","76ers",1626166,"Cameron","Payne",20920,23010,3,2,0.111,"home"
"0052300101",1610612755,"Philadelphia","76ers",1627741,"Buddy","Hield",5730,8210,0,-11,0.273,"home"
"0052300101",1610612755,"Philadelphia","76ers",1627741,"Buddy","Hield",17430,23010,7,11,0.263,"home"
"0052300101",1610612755,"Philadelphia","76ers",1627741,"Buddy","Hield",23570,26280,0,-2,0.182,"home"
"0052300101",1610612755,"Philadelphia","76ers",1630178,"Tyrese","Maxey",0,7200,7,-1,0.276,"home"
"0052300101",1610612755,"Philadelphia","76ers",1630178,"Tyrese","Maxey",8210,21600,6,1,0.17,"home"
"0052300101",1610612755,"Philadelphia","76ers",1630178,"Tyrese","Maxey",23010,28800,6,1,0.208,"home"
"0052300101",1610612755,"Philadelphia","76ers",1630194,"Paul","Reed",5040,6050,0,1,0,"home"
"0052300101",1610612755,"Philadelphia","76ers",1630194,"Paul","Reed",9540,12300,4,1,0.143,"home"
"0052300101",1610612755,"Philadelphia","76ers",1630194,"Paul","Reed",19640,20160,0,1,0,"home"
"0052300101",1610612755,"Philadelphia","76ers",1630194,"Paul","Reed",23570,25140,2,0,0.143,"home"
"0052300111",1610612737,"Atlanta","Hawks",202083,"Wesley","Matthews",5770,10820,0,-5,0.048,"away"
"0052300111",1610612737,"Atlanta","Hawks",202083,"Wesley","Matthews",18780,19520,0,-2,0.25,"away"
"0052300111",1610612737,"Atlanta","Hawks",203991,"Clint","Capela",0,5220,8,-4,0.238,"away"
"0052300111",1610612737,"Atlanta","Hawks",203991,"Clint","Capela",9510,19620,8,-4,0.105,"away"
"0052300111",1610612737,"Atlanta","Hawks",203991,"Clint","Capela",21600,28800,6,3,0.194,"away"
"0052300111",1610612737,"Atlanta","Hawks",203992,"Bogdan","Bogdanovic",0,3060,0,-3,0.071,"away"
"0052300111",1610612737,"Atlanta","Hawks",203992,"Bogdan","Bogdanovic",5220,9510,4,-2,0.222,"away"
"0052300111",1610612737,"Atlanta","Hawks",203992,"Bogdan","Bogdanovic",10820,17720,10,8,0.24,"away"
"0052300111",1610612737,"Atlanta","Hawks",203992,"Bogdan","Bogdanovic",19520,23110,2,-8,0.267,"away"
"0052300111",1610612737,"Atlanta","Hawks",203992,"Bogdan","Bogdanovic",24690,28800,5,6,0.211,"away"
"0052300111",1610612737,"Atlanta","Hawks",1627749,"Dejounte","Murray",0,5770,11,-9,0.364,"away"
"0052300111",1610612737,"Atlanta","Hawks",1627749,"Dejounte","Murray",7200,28800,19,3,0.188,"away"
"0052300111",1610612737,"Atlanta","Hawks",1628981,"Bruno","Fernando",5220,9510,5,-2,0.111,"away"
"0052300111",1610612737,"Atlanta","Hawks",1628981,"Bruno","Fernando",19620,21600,0,-8,0.143,"away"
"0052300111",1610612737,"Atlanta","Hawks",1629027,"Trae","Young",0,7200,1,-18,0.3,"away"
"0052300111",1610612737,"Atlanta","Hawks",1629027,"Trae","Young",9510,20740,16,-12,0.256,"away"
"0052300111",1610612737,"Atlanta","Hawks",1629027,"Trae","Young",21600,28800,5,3,0.129,"away"
"0052300111",1610612737,"Atlanta","Hawks",1629631,"De'Andre","Hunter",0,5770,0,-9,0.136,"away"
"0052300111",1610612737,"Atlanta","Hawks",1629631,"De'Andre","Hunter",8530,18780,2,-2,0.162,"away"
"0052300111",1610612737,"Atlanta","Hawks",1629631,"De'Andre","Hunter",19520,28800,6,-5,0.231,"away"
"0052300111",1610612737,"Atlanta","Hawks",1629726,"Garrison","Mathews",3060,5220,0,-1,0,"away"
"0052300111",1610612737,"Atlanta","Hawks",1629726,"Garrison","Mathews",7200,8530,3,12,0.2,"away"
"0052300111",1610612737,"Atlanta","Hawks",1629726,"Garrison","Mathews",17720,19520,0,-4,0.25,"away"
"0052300111",1610612737,"Atlanta","Hawks",1629726,"Garrison","Mathews",20740,21600,5,0,0.667,"away"
"0052300111",1610612737,"Atlanta","Hawks",1629726,"Garrison","Mathews",23110,24690,0,-3,0.2,"away"
"0052300111",1610612737,"Atlanta","Hawks",1631243,"Mouhamed","Gueye",5770,7200,0,-9,0,"away"
"0052300111",1610612741,"Chicago","Bulls",201942,"DeMar","DeRozan",0,7200,11,18,0.241,"home"
"0052300111",1610612741,"Chicago","Bulls",201942,"DeMar","DeRozan",8290,18780,7,1,0.205,"home"
"0052300111",1610612741,"Chicago","Bulls",201942,"DeMar","DeRozan",19520,28470,4,8,0.135,"home"
"0052300111",1610612741,"Chicago","Bulls",202696,"Nikola","Vucevic",0,5220,6,4,0.286,"home"
"0052300111",1610612741,"Chicago","Bulls",202696,"Nikola","Vucevic",8290,19520,14,3,0.244,"home"
"0052300111",1610612741,"Chicago","Bulls",202696,"Nikola","Vucevic",23200,28800,4,-3,0.35,"home"
"0052300111",1610612741,"Chicago","Bulls",203083,"Andre","Drummond",5220,8290,4,3,0.286,"home"
"0052300111",1610612741,"Chicago","Bulls",203083,"Andre","Drummond",19520,23200,0,8,0.056,"home"
"0052300111",1610612741,"Chicago","Bulls",1627936,"Alex","Caruso",0,3750,3,6,0.125,"home"
"0052300111",1610612741,"Chicago","Bulls",1627936,"Alex","Caruso",5220,7670,0,8,0,"home"
"0052300111",1610612741,"Chicago","Bulls",1627936,"Alex","Caruso",11520,15770,3,-4,0.071,"home"
"0052300111",1610612741,"Chicago","Bulls",1628470,"Torrey","Craig",21600,25270,0,3,0.067,"home"
"0052300111",1610612741,"Chicago","Bulls",1628470,"Torrey","Craig",28470,28800,0,-3,0,"home"
"0052300111",1610612741,"Chicago","Bulls",1628975,"Jevon","Carter",7200,8290,0,-11,0,"home"
"0052300111",1610612741,"Chicago","Bulls",1629632,"Coby","White",0,5220,6,4,0.143,"home"
"0052300111",1610612741,"Chicago","Bulls",1629632,"Coby","White",6250,17850,16,-5,0.244,"home"
"0052300111",1610612741,"Chicago","Bulls",1629632,"Coby","White",18780,20740,6,10,0.444,"home"
"0052300111",1610612741,"Chicago","Bulls",1629632,"Coby","White",21600,28800,14,-3,0.286,"home"
"0052300111",1610612741,"Chicago","Bulls",1629750,"Javonte","Green",7200,11520,3,-9,0.222,"home"
"0052300111",1610612741,"Chicago","Bulls",1629750,"Javonte","Green",15770,21600,4,13,0.13,"home"
"0052300111",1610612741,"Chicago","Bulls",1629750,"Javonte","Green",25270,28800,3,-6,0.154,"home"
"0052300111",1610612741,"Chicago","Bulls",1630245,"Ayo","Dosunmu",0,6250,5,11,0.208,"home"
"0052300111",1610612741,"Chicago","Bulls",1630245,"Ayo","Dosunmu",7670,19520,11,-2,0.163,"home"
"0052300111",1610612741,"Chicago","Bulls",1630245,"Ayo","Dosunmu",20740,23110,3,0,0.2,"home"
"0052300111",1610612741,"Chicago","Bulls",1630245,"Ayo","Dosunmu",24070,28170,0,0,0,"home"
"0052300111",1610612741,"Chicago","Bulls",1631207,"Dalen","Terry",3750,7200,2,12,0.231,"home"
"0052300111",1610612741,"Chicago","Bulls",1631207,"Dalen","Terry",17850,21600,2,12,0.188,"home"
"0052300111",1610612741,"Chicago","Bulls",1631207,"Dalen","Terry",23110,24070,0,0,0.333,"home"
"0052300111",1610612741,"Chicago","Bulls",1631207,"Dalen","Terry",28170,28800,0,-3,0,"home"
"0052300121",1610612747,"L.A. Lakers","Lakers",2544,"LeBron","James",0,4900,3,-2,0.19,"away"
"0052300121",1610612747,"L.A. Lakers","Lakers",2544,"LeBron","James",7200,12050,6,13,0.353,"away"
"0052300121",1610612747,"L.A. Lakers","Lakers",2544,"LeBron","James",12670,20260,10,3,0.269,"away"
"0052300121",1610612747,"L.A. Lakers","Lakers",2544,"LeBron","James",21600,28800,4,-3,0.357,"away"
"0052300121",1610612747,"L.A. Lakers","Lakers",203076,"Anthony","Davis",0,7200,5,-8,0.233,"away"
"0052300121",1610612747,"L.A. Lakers","Lakers",203076,"Anthony","Davis",10060,21600,5,8,0.225,"away"
"0052300121",1610612747,"L.A. Lakers","Lakers",203076,"Anthony","Davis",23410,28800,10,-5,0.364,"away"
"0052300121",1610612747,"L.A. Lakers","Lakers",203915,"Spencer","Dinwiddie",4100,7200,0,-9,0.214,"away"
"0052300121",1610612747,"L.A. Lakers","Lakers",1626156,"D'Angelo","Russell",0,4100,8,1,0.25,"away"
"0052300121",1610612747,"L.A. Lakers","Lakers",1626156,"D'Angelo","Russell",5440,9220,7,4,0.333,"away"
"0052300121",1610612747,"L.A. Lakers","Lakers",1626156,"D'Angelo","Russell",12050,14355,0,7,0,"away"
"0052300121",1610612747,"L.A. Lakers","Lakers",1626156,"D'Angelo","Russell",14400,18030,0,8,0.083,"away"
"0052300121",1610612747,"L.A. Lakers","Lakers",1626156,"D'Angelo","Russell",20260,21577,0,-5,0.5,"away"
"0052300121",1610612747,"L.A. Lakers","Lakers",1626156,"D'Angelo","Russell",21600,26710,3,-5,0.158,"away"
"0052300121",1610612747,"L.A. Lakers","Lakers",1626156,"D'Angelo","Russell",26870,28297,3,4,0.2,"away"
"0052300121",1610612747,"L.A. Lakers","Lakers",1626156,"D'Angelo","Russell",28418,28652,0,2,0,"away"
"0052300121",1610612747,"L.A. Lakers","Lakers",1627752,"Taurean","Prince",4900,10060,3,1,0.15,"away"
"0052300121",1610612747,"L.A. Lakers","Lakers",1627752,"Taurean","Prince",12120,14400,3,5,0.286,"away"
"0052300121",1610612747,"L.A. Lakers","Lakers",1627752,"Taurean","Prince",18520,24220,0,-3,0.087,"away"
"0052300121",1610612747,"L.A. Lakers","Lakers",1627752,"Taurean","Prince",28297,28418,0,-2,0,"away"
"0052300121",1610612747,"L.A. Lakers","Lakers",1627752,"Taurean","Prince",28652,28800,0,0,0,"away"
"0052300121",1610612747,"L.A. Lakers","Lakers",1629060,"Rui","Hachimura",0,7200,2,-8,0.067,"away"
"0052300121",1610612747,"L.A. Lakers","Lakers",1629060,"Rui","Hachimura",10060,12670,3,11,0.111,"away"
"0052300121",1610612747,"L.A. Lakers","Lakers",1629060,"Rui","Hachimura",14355,18520,6,2,0.214,"away"
"0052300121",1610612747,"L.A. Lakers","Lakers",1629060,"Rui","Hachimura",20260,21600,2,-6,0.2,"away"
"0052300121",1610612747,"L.A. Lakers","Lakers",1629060,"Rui","Hachimura",24220,28297,0,-7,0,"away"
"0052300121",1610612747,"L.A. Lakers","Lakers",1629060,"Rui","Hachimura",28418,28652,0,2,0,"away"
"0052300121",1610612747,"L.A. Lakers","Lakers",1629216,"Gabe","Vincent",7200,12120,6,13,0.176,"away"
"0052300121",1610612747,"L.A. Lakers","Lakers",1629216,"Gabe","Vincent",18030,23410,3,-9,0.15,"away"
"0052300121",1610612747,"L.A. Lakers","Lakers",1629216,"Gabe","Vincent",26710,26870,0,-2,0,"away"
"0052300121",1610612747,"L.A. Lakers","Lakers",1629216,"Gabe","Vincent",28297,28418,0,-2,0,"away"
"0052300121",1610612747,"L.A. Lakers","Lakers",1629216,"Gabe","Vincent",28652,28800,0,0,0,"away"
"0052300121",1610612747,"L.A. Lakers","Lakers",1629637,"Jaxson","Hayes",7200,10060,2,7,0.1,"away"
"0052300121",1610612747,"L.A. Lakers","Lakers",1629637,"Jaxson","Hayes",21577,23410,0,1,0,"away"
"0052300121",1610612747,"L.A. Lakers","Lakers",1630559,"Austin","Reaves",0,5440,3,-4,0.182,"away"
"0052300121",1610612747,"L.A. Lakers","Lakers",1630559,"Austin","Reaves",9220,20260,9,13,0.184,"away"
"0052300121",1610612747,"L.A. Lakers","Lakers",1630559,"Austin","Reaves",23410,28800,4,-5,0.182,"away"
"0052300121",1610612740,"New Orleans","Pelicans",202685,"Jonas","Valanciunas",0,4100,4,-1,0.25,"home"
"0052300121",1610612740,"New Orleans","Pelicans",202685,"Jonas","Valanciunas",8600,12050,0,-6,0,"home"
"0052300121",1610612740,"New Orleans","Pelicans",202685,"Jonas","Valanciunas",13400,14355,0,2,0.2,"home"
"0052300121",1610612740,"New Orleans","Pelicans",202685,"Jonas","Valanciunas",14400,18030,0,-8,0.143,"home"
"0052300121",1610612740,"New Orleans","Pelicans",202685,"Jonas","Valanciunas",28652,28652,0,0,0,"home"
"0052300121",1610612740,"New Orleans","Pelicans",203468,"CJ","McCollum",0,5030,3,2,0.136,"home"
"0052300121",1610612740,"New Orleans","Pelicans",203468,"CJ","McCollum",8600,17010,2,-14,0.242,"home"
"0052300121",1610612740,"New Orleans","Pelicans",203468,"CJ","McCollum",21577,24220,0,-3,0.3,"home"
"0052300121",1610612740,"New Orleans","Pelicans",203468,"CJ","McCollum",26870,28418,2,-2,0.2,"home"
"0052300121",1610612740,"New Orleans","Pelicans",203468,"CJ","McCollum",28652,28800,2,0,0.5,"home"
"0052300121",1610612740,"New Orleans","Pelicans",1626204,"Larry","Nance Jr.",4100,8600,3,2,0.235,"home"
"0052300121",1610612740,"New Orleans","Pelicans",1626204,"Larry","Nance Jr.",12050,13400,0,-9,0,"home"
"0052300121",1610612740,"New Orleans","Pelicans",1626204,"Larry","Nance Jr.",18030,28800,7,14,0.146,"home"
"0052300121",1610612740,"New Orleans","Pelicans",1627742,"Brandon","Ingram",0,5030,5,2,0.273,"home"
"0052300121",1610612740,"New Orleans","Pelicans",1627742,"Brandon","Ingram",10740,18030,6,-15,0.31,"home"
"0052300121",1610612740,"New Orleans","Pelicans",1627742,"Brandon","Ingram",21577,24220,0,-3,0.1,"home"
"0052300121",1610612740,"New Orleans","Pelicans",1629627,"Zion","Williamson",0,4100,4,-1,0.2,"home"
"0052300121",1610612740,"New Orleans","Pelicans",1629627,"Zion","Williamson",5030,10740,12,-5,0.409,"home"
"0052300121",1610612740,"New Orleans","Pelicans",1629627,"Zion","Williamson",12190,21600,15,-2,0.421,"home"
"0052300121",1610612740,"New Orleans","Pelicans",1629627,"Zion","Williamson",24220,26870,9,11,0.625,"home"
"0052300121",1610612740,"New Orleans","Pelicans",1630529,"Herbert","Jones",0,7200,7,8,0.097,"home"
"0052300121",1610612740,"New Orleans","Pelicans",1630529,"Herbert","Jones",9220,18520,3,-14,0.135,"home"
"0052300121",1610612740,"New Orleans","Pelicans",1630529,"Herbert","Jones",24220,28800,0,7,0,"home"
"0052300121",1610612740,"New Orleans","Pelicans",1630530,"Trey","Murphy III",4100,12190,2,-4,0.161,"home"
"0052300121",1610612740,"New Orleans","Pelicans",1630530,"Trey","Murphy III",14355,14400,0,2,0,"home"
"0052300121",1610612740,"New Orleans","Pelicans",1630530,"Trey","Murphy III",18520,28800,10,10,0.128,"home"
"0052300121",1610612740,"New Orleans","Pelicans",1630631,"Jose","Alvarado",5030,8600,0,-1,0,"home"
"0052300121",1610612740,"New Orleans","Pelicans",1630631,"Jose","Alvarado",17010,21577,5,5,0.158,"home"
"0052300121",1610612740,"New Orleans","Pelicans",1630631,"Jose","Alvarado",21600,28120,5,6,0.238,"home"
"0052300121",1610612740,"New Orleans","Pelicans",1630631,"Jose","Alvarado",28297,28652,0,0,0,"home"
"0052300121",1610612740,"New Orleans","Pelicans",1630631,"Jose","Alvarado",28652,28800,0,-2,0,"home"
"0052300121",1610612740,"New Orleans","Pelicans",1630700,"Dyson","Daniels",7200,9220,0,-8,0.125,"home"
"0052300121",1610612740,"New Orleans","Pelicans",1630700,"Dyson","Daniels",18030,21577,0,10,0,"home"
"0052300121",1610612740,"New Orleans","Pelicans",1630700,"Dyson","Daniels",28120,28297,0,-3,0,"home"
"0052300121",1610612740,"New Orleans","Pelicans",1630700,"Dyson","Daniels",28418,28652,0,-2,0,"home"
"0052300131",1610612744,"Golden State","Warriors",101108,"Chris","Paul",5170,11040,3,-2,0.136,"away"
"0052300131",1610612744,"Golden State","Warriors",101108,"Chris","Paul",20190,23050,0,-6,0,"away"
"0052300131",1610612744,"Golden State","Warriors",101108,"Chris","Paul",25230,27470,0,-7,0.143,"away"
"0052300131",1610612744,"Golden State","Warriors",201939,"Stephen","Curry",0,5170,5,-10,0.211,"away"
"0052300131",1610612744,"Golden State","Warriors",201939,"Stephen","Curry",9400,20190,11,0,0.25,"away"
"0052300131",1610612744,"Golden State","Warriors",201939,"Stephen","Curry",21544,27470,6,-11,0.333,"away"
"0052300131",1610612744,"Golden State","Warriors",202691,"Klay","Thompson",0,2850,0,-5,0.182,"away"
"0052300131",1610612744,"Golden State","Warriors",202691,"Klay","Thompson",5170,10200,0,-1,0.211,"away"
"0052300131",1610612744,"Golden State","Warriors",202691,"Klay","Thompson",11040,13260,0,6,0,"away"
"0052300131",1610612744,"Golden State","Warriors",202691,"Klay","Thompson",14400,17430,0,-3,0.25,"away"
"0052300131",1610612744,"Golden State","Warriors",202691,"Klay","Thompson",20190,21600,0,-2,0,"away"
"0052300131",1610612744,"Golden State","Warriors",202691,"Klay","Thompson",23050,27470,0,-7,0.133,"away"
"0052300131",1610612744,"Golden State","Warriors",203110,"Draymond","Green",0,4080,3,-7,0.286,"away"
"0052300131",1610612744,"Golden State","Warriors",203110,"Draymond","Green",5170,7200,4,1,0.375,"away"
"0052300131",1610612744,"Golden State","Warriors",203110,"Draymond","Green",10490,18130,5,-3,0.088,"away"
"0052300131",1610612744,"Golden State","Warriors",203110,"Draymond","Green",20190,27470,0,-13,0.08,"away"
"0052300131",1610612744,"Golden State","Warriors",203952,"Andrew","Wiggins",0,5170,3,-10,0.211,"away"
"0052300131",1610612744,"Golden State","Warriors",203952,"Andrew","Wiggins",7200,8520,0,-5,0.25,"away"
"0052300131",1610612744,"Golden State","Warriors",203952,"Andrew","Wiggins",10200,11040,0,-1,0.5,"away"
"0052300131",1610612744,"Golden State","Warriors",203952,"Andrew","Wiggins",13260,17100,4,-1,0.167,"away"
"0052300131",1610612744,"Golden State","Warriors",203952,"Andrew","Wiggins",17430,21544,5,-8,0.278,"away"
"0052300131",1610612744,"Golden State","Warriors",1626172,"Kevon","Looney",4080,5170,0,-3,0,"away"
"0052300131",1610612744,"Golden State","Warriors",1626172,"Kevon","Looney",8520,10490,2,5,0.125,"away"
"0052300131",1610612744,"Golden State","Warriors",1626172,"Kevon","Looney",18130,20190,0,-1,0.111,"away"
"0052300131",1610612744,"Golden State","Warriors",1630228,"Jonathan","Kuminga",2850,8520,2,-9,0.2,"away"
"0052300131",1610612744,"Golden State","Warriors",1630228,"Jonathan","Kuminga",11210,18340,10,1,0.273,"away"
"0052300131",1610612744,"Golden State","Warriors",1630228,"Jonathan","Kuminga",21600,23050,2,-4,0.5,"away"
"0052300131",1610612744,"Golden State","Warriors",1630228,"Jonathan","Kuminga",25010,27470,2,-10,0.375,"away"
"0052300131",1610612744,"Golden State","Warriors",1630541,"Moses","Moody",8520,11210,7,2,0.3,"away"
"0052300131",1610612744,"Golden State","Warriors",1630541,"Moses","Moody",18340,21600,5,-4,0.286,"away"
"0052300131",1610612744,"Golden State","Warriors",1630541,"Moses","Moody",23050,25010,4,3,0.286,"away"
"0052300131",1610612744,"Golden State","Warriors",1630541,"Moses","Moody",27470,28800,0,2,0.2,"away"
"0052300131",1610612744,"Golden State","Warriors",1630586,"Usman","Garuba",27470,28800,0,2,0.2,"away"
"0052300131",1610612744,"Golden State","Warriors",1630611,"Gui","Santos",27470,28800,0,2,0,"away"
"0052300131",1610612744,"Golden State","Warriors",1631218,"Trayce","Jackson-Davis",0,2850,2,-5,0.182,"away"
"0052300131",1610612744,"Golden State","Warriors",1631218,"Trayce","Jackson-Davis",7200,8520,0,-5,0,"away"
"0052300131",1610612744,"Golden State","Warriors",1631218,"Trayce","Jackson-Davis",23050,25230,0,0,0,"away"
"0052300131",1610612744,"Golden State","Warriors",1631311,"Lester","Quinones",27470,28800,4,2,0.6,"away"
"0052300131",1610612744,"Golden State","Warriors",1641764,"Brandin","Podziemski",2850,7200,3,-4,0.063,"away"
"0052300131",1610612744,"Golden State","Warriors",1641764,"Brandin","Podziemski",8520,9400,0,1,0.333,"away"
"0052300131",1610612744,"Golden State","Warriors",1641764,"Brandin","Podziemski",11040,14400,2,8,0.067,"away"
"0052300131",1610612744,"Golden State","Warriors",1641764,"Brandin","Podziemski",17100,20190,0,-6,0,"away"
"0052300131",1610612744,"Golden State","Warriors",1641764,"Brandin","Podziemski",21600,23050,0,-4,0.25,"away"
"0052300131",1610612744,"Golden State","Warriors",1641764,"Brandin","Podziemski",27470,28800,0,2,0,"away"
"0052300131",1610612758,"Sacramento","Kings",201580,"JaVale","McGee",27470,28800,2,-2,0.2,"home"
"0052300131",1610612758,"Sacramento","Kings",203084,"Harrison","Barnes",0,5170,0,10,0.053,"home"
"0052300131",1610612758,"Sacramento","Kings",203084,"Harrison","Barnes",7200,9400,3,4,0.375,"home"
"0052300131",1610612758,"Sacramento","Kings",203084,"Harrison","Barnes",10490,18930,5,3,0.108,"home"
"0052300131",1610612758,"Sacramento","Kings",203084,"Harrison","Barnes",21600,23730,2,2,0.125,"home"
"0052300131",1610612758,"Sacramento","Kings",203084,"Harrison","Barnes",25010,27470,7,10,0.444,"home"
"0052300131",1610612758,"Sacramento","Kings",203458,"Alex","Len",5170,7200,0,-1,0.091,"home"
"0052300131",1610612758,"Sacramento","Kings",203458,"Alex","Len",14168,14400,0,0,0,"home"
"0052300131",1610612758,"Sacramento","Kings",203458,"Alex","Len",18470,21544,0,2,0.091,"home"
"0052300131",1610612758,"Sacramento","Kings",1626168,"Trey","Lyles",5170,10490,5,-1,0.208,"home"
"0052300131",1610612758,"Sacramento","Kings",1626168,"Trey","Lyles",18930,25010,2,4,0.087,"home"
"0052300131",1610612758,"Sacramento","Kings",1627734,"Domantas","Sabonis",0,5170,4,10,0.158,"home"
"0052300131",1610612758,"Sacramento","Kings",1627734,"Domantas","Sabonis",7200,14168,6,-5,0.233,"home"
"0052300131",1610612758,"Sacramento","Kings",1627734,"Domantas","Sabonis",14400,18470,0,9,0.059,"home"
"0052300131",1610612758,"Sacramento","Kings",1627734,"Domantas","Sabonis",21600,27470,6,11,0.238,"home"
"0052300131",1610612758,"Sacramento","Kings",1628368,"De'Aaron","Fox",0,7200,8,9,0.233,"home"
"0052300131",1610612758,"Sacramento","Kings",1628368,"De'Aaron","Fox",9400,21600,16,2,0.327,"home"
"0052300131",1610612758,"Sacramento","Kings",1628368,"De'Aaron","Fox",23730,27470,0,9,0.154,"home"
"0052300131",1610612758,"Sacramento","Kings",1628426,"Sasha","Vezenkov",27470,28800,0,-2,0.2,"home"
"0052300131",1610612758,"Sacramento","Kings",1630556,"Kessler","Edwards",27470,28800,0,-2,0,"home"
"0052300131",1610612758,"Sacramento","Kings",1630558,"Davion","Mitchell",5170,10200,3,1,0.238,"home"
"0052300131",1610612758,"Sacramento","Kings",1630558,"Davion","Mitchell",20190,23730,2,4,0.231,"home"
"0052300131",1610612758,"Sacramento","Kings",1630558,"Davion","Mitchell",27470,28800,0,-2,0.2,"home"
"0052300131",1610612758,"Sacramento","Kings",1631099,"Keegan","Murray",0,7200,14,9,0.367,"home"
"0052300131",1610612758,"Sacramento","Kings",1631099,"Keegan","Murray",9400,21600,12,2,0.192,"home"
"0052300131",1610612758,"Sacramento","Kings",1631099,"Keegan","Murray",23730,27470,6,9,0.308,"home"
"0052300131",1610612758,"Sacramento","Kings",1631165,"Keon","Ellis",0,5170,2,10,0.105,"home"
"0052300131",1610612758,"Sacramento","Kings",1631165,"Keon","Ellis",7200,9400,0,4,0,"home"
"0052300131",1610612758,"Sacramento","Kings",1631165,"Keon","Ellis",10200,20190,11,2,0.178,"home"
"0052300131",1610612758,"Sacramento","Kings",1631165,"Keon","Ellis",21544,27470,2,11,0.095,"home"
"0052300131",1610612758,"Sacramento","Kings",1641732,"Colby","Jones",27470,28800,0,-2,0.2,"home"
"0052300201",1610612741,"Chicago","Bulls",201942,"DeMar","DeRozan",0,3740,3,-10,0.167,"away"
"0052300201",1610612741,"Chicago","Bulls",201942,"DeMar","DeRozan",4340,19440,14,2,0.211,"away"
"0052300201",1610612741,"Chicago","Bulls",201942,"DeMar","DeRozan",20250,25880,5,-12,0.192,"away"
"0052300201",1610612741,"Chicago","Bulls",202696,"Nikola","Vucevic",0,5400,4,-17,0.368,"away"
"0052300201",1610612741,"Chicago","Bulls",202696,"Nikola","Vucevic",8810,19440,8,3,0.175,"away"
"0052300201",1610612741,"Chicago","Bulls",202696,"Nikola","Vucevic",21600,26830,4,-4,0.217,"away"
"0052300201",1610612741,"Chicago","Bulls",203083,"Andre","Drummond",5400,8810,2,2,0.25,"away"
"0052300201",1610612741,"Chicago","Bulls",203083,"Andre","Drummond",20250,21600,0,-8,0.375,"away"
"0052300201",1610612741,"Chicago","Bulls",1627936,"Alex","Caruso",0,5400,3,-17,0.158,"away"
"0052300201",1610612741,"Chicago","Bulls",1627936,"Alex","Caruso",6450,9310,0,2,0.1,"away"
"0052300201",1610612741,"Chicago","Bulls",1627936,"Alex","Caruso",10530,13120,0,1,0.111,"away"
"0052300201",1610612741,"Chicago","Bulls",1627936,"Alex","Caruso",14400,18340,0,-2,0.077,"away"
"0052300201",1610612741,"Chicago","Bulls",1627936,"Alex","Caruso",19440,24550,3,-17,0.136,"away"
"0052300201",1610612741,"Chicago","Bulls",1628470,"Torrey","Craig",7840,11300,0,4,0.25,"away"
"0052300201",1610612741,"Chicago","Bulls",1628470,"Torrey","Craig",25880,28800,6,5,0.167,"away"
"0052300201",1610612741,"Chicago","Bulls",1628975,"Jevon","Carter",26410,28800,2,7,0.111,"away"
"0052300201",1610612741,"Chicago","Bulls",1629632,"Coby","White",0,4340,0,-14,0.2,"away"
"0052300201",1610612741,"Chicago","Bulls",1629632,"Coby","White",5400,9080,2,2,0.231,"away"
"0052300201",1610612741,"Chicago","Bulls",1629632,"Coby","White",11300,20250,8,-3,0.294,"away"
"0052300201",1610612741,"Chicago","Bulls",1629632,"Coby","White",20560,23960,0,-11,0.25,"away"
"0052300201",1610612741,"Chicago","Bulls",1629632,"Coby","White",24550,25880,3,3,0.167,"away"
"0052300201",1610612741,"Chicago","Bulls",1629750,"Javonte","Green",5400,7840,2,2,0.222,"away"
"0052300201",1610612741,"Chicago","Bulls",1629750,"Javonte","Green",13120,14400,0,2,0,"away"
"0052300201",1610612741,"Chicago","Bulls",1629750,"Javonte","Green",18340,20250,4,-2,0.333,"away"
"0052300201",1610612741,"Chicago","Bulls",1629750,"Javonte","Green",23960,28800,6,7,0.15,"away"
"0052300201",1610612741,"Chicago","Bulls",1630245,"Ayo","Dosunmu",0,5400,3,-17,0.211,"away"
"0052300201",1610612741,"Chicago","Bulls",1630245,"Ayo","Dosunmu",9080,26410,7,-13,0.183,"away"
"0052300201",1610612741,"Chicago","Bulls",1630245,"Ayo","Dosunmu",26830,28800,0,5,0,"away"
"0052300201",1610612741,"Chicago","Bulls",1631207,"Dalen","Terry",3740,6450,0,-9,0,"away"
"0052300201",1610612741,"Chicago","Bulls",1631207,"Dalen","Terry",9310,10530,0,4,0,"away"
"0052300201",1610612741,"Chicago","Bulls",1631207,"Dalen","Terry",19440,20560,0,-5,0.25,"away"
"0052300201",1610612741,"Chicago","Bulls",1631207,"Dalen","Terry",25880,28800,2,5,0.333,"away"
"0052300201",1610612748,"Miami","Heat",201567,"Kevin","Love",4340,7200,5,3,0.4,"home"
"0052300201",1610612748,"Miami","Heat",201567,"Kevin","Love",19440,23960,11,16,0.35,"home"
"0052300201",1610612748,"Miami","Heat",201988,"Patty","Mills",26830,28800,0,-5,0,"home"
"0052300201",1610612748,"Miami","Heat",1626153,"Delon","Wright",5400,10230,0,-4,0.063,"home"
"0052300201",1610612748,"Miami","Heat",1626153,"Delon","Wright",19960,28800,5,9,0.088,"home"
"0052300201",1610612748,"Miami","Heat",1628389,"Bam","Adebayo",0,4340,4,14,0.176,"home"
"0052300201",1610612748,"Miami","Heat",1628389,"Bam","Adebayo",7200,19440,7,-5,0.136,"home"
"0052300201",1610612748,"Miami","Heat",1628389,"Bam","Adebayo",23960,26410,2,0,0.222,"home"
"0052300201",1610612748,"Miami","Heat",1628418,"Thomas","Bryant",26410,28800,4,-7,0.3,"home"
"0052300201",1610612748,"Miami","Heat",1628997,"Caleb","Martin",0,5400,2,17,0.091,"home"
"0052300201",1610612748,"Miami","Heat",1628997,"Caleb","Martin",10230,19960,5,-1,0.135,"home"
"0052300201",1610612748,"Miami","Heat",1629130,"Duncan","Robinson",6250,10770,6,-6,0.375,"home"
"0052300201",1610612748,"Miami","Heat",1629130,"Duncan","Robinson",23960,26830,2,-2,0.273,"home"
"0052300201",1610612748,"Miami","Heat",1629312,"Haywood","Highsmith",3740,11560,4,1,0.188,"home"
"0052300201",1610612748,"Miami","Heat",1629312,"Haywood","Highsmith",13859,14400,0,0,0,"home"
"0052300201",1610612748,"Miami","Heat",1629312,"Haywood","Highsmith",18420,28800,5,9,0.167,"home"
"0052300201",1610612748,"Miami","Heat",1629639,"Tyler","Herro",0,6250,6,17,0.292,"home"
"0052300201",1610612748,"Miami","Heat",1629639,"Tyler","Herro",10230,23960,18,15,0.327,"home"
"0052300201",1610612748,"Miami","Heat",1631107,"Nikola","Jovic",0,5400,5,17,0.136,"home"
"0052300201",1610612748,"Miami","Heat",1631107,"Nikola","Jovic",10770,19960,0,1,0.114,"home"
"0052300201",1610612748,"Miami","Heat",1631107,"Nikola","Jovic",25880,27360,0,-1,0.2,"home"
"0052300201",1610612748,"Miami","Heat",1631115,"Orlando","Robinson",27360,28800,0,-4,0,"home"
"0052300201",1610612748,"Miami","Heat",1631170,"Jaime","Jaquez Jr.",0,3740,8,10,0.214,"home"
"0052300201",1610612748,"Miami","Heat",1631170,"Jaime","Jaquez Jr.",5400,10230,2,-4,0.25,"home"
"0052300201",1610612748,"Miami","Heat",1631170,"Jaime","Jaquez Jr.",11560,13859,0,-1,0.222,"home"
"0052300201",1610612748,"Miami","Heat",1631170,"Jaime","Jaquez Jr.",14400,18420,4,2,0.417,"home"
"0052300201",1610612748,"Miami","Heat",1631170,"Jaime","Jaquez Jr.",19960,25880,7,14,0.174,"home"
"0052300211",1610612758,"Sacramento","Kings",203084,"Harrison","Barnes",0,5970,4,5,0.182,"away"
"0052300211",1610612758,"Sacramento","Kings",203084,"Harrison","Barnes",9170,20340,8,-12,0.146,"away"
"0052300211",1610612758,"Sacramento","Kings",203084,"Harrison","Barnes",20830,21600,0,-2,0,"away"
"0052300211",1610612758,"Sacramento","Kings",203084,"Harrison","Barnes",22480,24560,0,-6,0.273,"away"
"0052300211",1610612758,"Sacramento","Kings",203084,"Harrison","Barnes",25870,28572,5,8,0.333,"away"
"0052300211",1610612758,"Sacramento","Kings",203084,"Harrison","Barnes",28572,28800,0,3,0,"away"
"0052300211",1610612758,"Sacramento","Kings",203458,"Alex","Len",4800,6902,0,2,0,"away"
"0052300211",1610612758,"Sacramento","Kings",203458,"Alex","Len",20340,20830,0,3,0,"away"
"0052300211",1610612758,"Sacramento","Kings",1626168,"Trey","Lyles",4800,10010,0,-3,0.143,"away"
"0052300211",1610612758,"Sacramento","Kings",1626168,"Trey","Lyles",14143,14275,0,-1,0,"away"
"0052300211",1610612758,"Sacramento","Kings",1626168,"Trey","Lyles",20000,22480,0,-3,0,"away"
"0052300211",1610612758,"Sacramento","Kings",1627734,"Domantas","Sabonis",0,4800,8,3,0.333,"away"
"0052300211",1610612758,"Sacramento","Kings",1627734,"Domantas","Sabonis",7200,20340,8,-12,0.17,"away"
"0052300211",1610612758,"Sacramento","Kings",1627734,"Domantas","Sabonis",21600,28572,7,2,0.2,"away"
"0052300211",1610612758,"Sacramento","Kings",1627734,"Domantas","Sabonis",28604,28800,0,0,0,"away"
"0052300211",1610612758,"Sacramento","Kings",1628368,"De'Aaron","Fox",0,7200,11,2,0.345,"away"
"0052300211",1610612758,"Sacramento","Kings",1628368,"De'Aaron","Fox",9660,21600,17,-9,0.422,"away"
"0052300211",1610612758,"Sacramento","Kings",1628368,"De'Aaron","Fox",22480,28800,7,4,0.345,"away"
"0052300211",1610612758,"Sacramento","Kings",1628426,"Sasha","Vezenkov",12770,14143,2,4,0.333,"away"
"0052300211",1610612758,"Sacramento","Kings",1628426,"Sasha","Vezenkov",14275,14400,0,0,0,"away"
"0052300211",1610612758,"Sacramento","Kings",1628426,"Sasha","Vezenkov",20340,23940,0,-3,0.105,"away"
"0052300211",1610612758,"Sacramento","Kings",1628426,"Sasha","Vezenkov",24560,25870,0,2,0,"away"
"0052300211",1610612758,"Sacramento","Kings",1630558,"Davion","Mitchell",4800,9660,2,-3,0.263,"away"
"0052300211",1610612758,"Sacramento","Kings",1630558,"Davion","Mitchell",17030,22480,6,3,0.2,"away"
"0052300211",1610612758,"Sacramento","Kings",1630558,"Davion","Mitchell",24560,28800,2,10,0.056,"away"
"0052300211",1610612758,"Sacramento","Kings",1631099,"Keegan","Murray",0,4800,1,3,0.222,"away"
"0052300211",1610612758,"Sacramento","Kings",1631099,"Keegan","Murray",5970,9170,3,-3,0.214,"away"
"0052300211",1610612758,"Sacramento","Kings",1631099,"Keegan","Murray",10010,12770,0,-12,0.3,"away"
"0052300211",1610612758,"Sacramento","Kings",1631099,"Keegan","Murray",14400,20000,4,1,0.1,"away"
"0052300211",1610612758,"Sacramento","Kings",1631099,"Keegan","Murray",21600,23010,0,-4,0.167,"away"
"0052300211",1610612758,"Sacramento","Kings",1631099,"Keegan","Murray",23940,28800,3,6,0.05,"away"
"0052300211",1610612758,"Sacramento","Kings",1631165,"Keon","Ellis",0,4800,0,3,0,"away"
"0052300211",1610612758,"Sacramento","Kings",1631165,"Keon","Ellis",6902,17030,0,-19,0.077,"away"
"0052300211",1610612758,"Sacramento","Kings",1631165,"Keon","Ellis",23010,24560,0,-4,0.375,"away"
"0052300211",1610612758,"Sacramento","Kings",1631165,"Keon","Ellis",28572,28604,0,0,0,"away"
"0052300211",1610612740,"New Orleans","Pelicans",202685,"Jonas","Valanciunas",0,4590,6,-5,0.421,"home"
"0052300211",1610612740,"New Orleans","Pelicans",202685,"Jonas","Valanciunas",7200,9660,4,2,0.182,"home"
"0052300211",1610612740,"New Orleans","Pelicans",202685,"Jonas","Valanciunas",12400,14143,2,1,0.143,"home"
"0052300211",1610612740,"New Orleans","Pelicans",202685,"Jonas","Valanciunas",14400,18080,4,1,0.333,"home"
"0052300211",1610612740,"New Orleans","Pelicans",202685,"Jonas","Valanciunas",21600,23880,3,4,0.25,"home"
"0052300211",1610612740,"New Orleans","Pelicans",202685,"Jonas","Valanciunas",27270,28572,0,-7,0,"home"
"0052300211",1610612740,"New Orleans","Pelicans",203468,"CJ","McCollum",0,4590,2,-5,0.105,"home"
"0052300211",1610612740,"New Orleans","Pelicans",203468,"CJ","McCollum",5680,9660,2,5,0.176,"home"
"0052300211",1610612740,"New Orleans","Pelicans",203468,"CJ","McCollum",12400,14275,0,2,0,"home"
"0052300211",1610612740,"New Orleans","Pelicans",203468,"CJ","McCollum",14400,18080,3,1,0.083,"home"
"0052300211",1610612740,"New Orleans","Pelicans",203468,"CJ","McCollum",20000,24560,0,9,0.222,"home"
"0052300211",1610612740,"New Orleans","Pelicans",203468,"CJ","McCollum",25870,28436,0,-5,0.222,"home"
"0052300211",1610612740,"New Orleans","Pelicans",203468,"CJ","McCollum",28572,28800,0,0,0,"home"
"0052300211",1610612740,"New Orleans","Pelicans",1626204,"Larry","Nance Jr.",4590,7200,2,3,0.111,"home"
"0052300211",1610612740,"New Orleans","Pelicans",1626204,"Larry","Nance Jr.",9660,12400,6,7,0.364,"home"
"0052300211",1610612740,"New Orleans","Pelicans",1626204,"Larry","Nance Jr.",14143,14400,1,1,0.5,"home"
"0052300211",1610612740,"New Orleans","Pelicans",1626204,"Larry","Nance Jr.",18080,21600,4,-1,0.154,"home"
"0052300211",1610612740,"New Orleans","Pelicans",1626204,"Larry","Nance Jr.",23880,27270,0,1,0,"home"
"0052300211",1610612740,"New Orleans","Pelicans",1626204,"Larry","Nance Jr.",28572,28800,0,0,0,"home"
"0052300211",1610612740,"New Orleans","Pelicans",1627742,"Brandon","Ingram",0,5680,5,-5,0.286,"home"
"0052300211",1610612740,"New Orleans","Pelicans",1627742,"Brandon","Ingram",9040,14275,4,11,0.238,"home"
"0052300211",1610612740,"New Orleans","Pelicans",1627742,"Brandon","Ingram",14400,20000,7,-1,0.333,"home"
"0052300211",1610612740,"New Orleans","Pelicans",1627742,"Brandon","Ingram",20830,21600,2,2,0.667,"home"
"0052300211",1610612740,"New Orleans","Pelicans",1627742,"Brandon","Ingram",23800,28800,6,-6,0.316,"home"
"0052300211",1610612740,"New Orleans","Pelicans",1630230,"Naji","Marshall",5970,14143,9,13,0.235,"home"
"0052300211",1610612740,"New Orleans","Pelicans",1630230,"Naji","Marshall",14275,14400,0,0,0,"home"
"0052300211",1610612740,"New Orleans","Pelicans",1630230,"Naji","Marshall",20000,25870,2,7,0.13,"home"
"0052300211",1610612740,"New Orleans","Pelicans",1630230,"Naji","Marshall",28436,28572,0,-3,0,"home"
"0052300211",1610612740,"New Orleans","Pelicans",1630529,"Herbert","Jones",0,5970,0,-5,0.136,"home"
"0052300211",1610612740,"New Orleans","Pelicans",1630529,"Herbert","Jones",14143,20830,3,-1,0.043,"home"
"0052300211",1610612740,"New Orleans","Pelicans",1630529,"Herbert","Jones",25870,28800,2,-8,0.25,"home"
"0052300211",1610612740,"New Orleans","Pelicans",1630530,"Trey","Murphy III",0,5680,2,-5,0.095,"home"
"0052300211",1610612740,"New Orleans","Pelicans",1630530,"Trey","Murphy III",6902,14275,6,14,0.226,"home"
"0052300211",1610612740,"New Orleans","Pelicans",1630530,"Trey","Murphy III",14400,20000,4,-1,0.167,"home"
"0052300211",1610612740,"New Orleans","Pelicans",1630530,"Trey","Murphy III",21600,28800,4,-2,0.185,"home"
"0052300211",1610612740,"New Orleans","Pelicans",1630631,"Jose","Alvarado",4590,9040,3,3,0.118,"home"
"0052300211",1610612740,"New Orleans","Pelicans",1630631,"Jose","Alvarado",9660,12400,0,7,0,"home"
"0052300211",1610612740,"New Orleans","Pelicans",1630631,"Jose","Alvarado",14275,14400,0,0,0,"home"
"0052300211",1610612740,"New Orleans","Pelicans",1630631,"Jose","Alvarado",18080,23800,4,3,0.238,"home"
"0052300211",1610612740,"New Orleans","Pelicans",1630631,"Jose","Alvarado",24560,25870,3,-2,0.2,"home"
"0052300211",1610612740,"New Orleans","Pelicans",1630700,"Dyson","Daniels",5680,6902,0,0,0,"home"
"0052300211",1610612740,"New Orleans","Pelicans",1630700,"Dyson","Daniels",14275,14400,0,0,0,"home"
